<Ui xmlns="http://www.blizzard.com/wow/ui" xmlns:xsi="http://www.w3.org/2001/XMLSchema-instance">
  <!--Autogenerated by wowuides, Version=1.0.300.0, Culture=neutral, PublicKeyToken=null-->
  <Frame name="Skill2Form" hidden="true" movable="true" resizable="true" enableMouse="true">
    <!--<FrameSkin skinid="dcb143e1-a4ab-4e7c-b934-1efa40101d21" frameid="2d508883-59c2-4f83-ae10-27aaad48391b" />-->
    <Size>
      <AbsDimension x="189" y="315" />
    </Size>
    <Anchors>
      <Anchor point="RIGHT" relativeTo="UIParent">
        <Offset>
          <AbsDimension x="0" y="0" />
        </Offset>
      </Anchor>
    </Anchors>
    <Backdrop bgFile="Interface\DialogFrame\UI-DialogBox-Background" edgeFile="Interface\DialogFrame\UI-DialogBox-Border" tile="true">
      <BackgroundInsets>
        <AbsInset left="11" right="12" top="12" bottom="11" />
      </BackgroundInsets>
      <TileSize>
        <AbsValue val="32" />
      </TileSize>
      <EdgeSize>
        <AbsValue val="32" />
      </EdgeSize>
    </Backdrop>
    <Layers>
      <Layer>
        <Texture name="$parentTitleBorder" file="Interface\DialogFrame\UI-DialogBox-Header">
          <Size>
            <AbsDimension x="160" y="32" />
          </Size>
          <Anchors>
            <Anchor point="TOP">
              <Offset>
                <AbsDimension x="0" y="5" />
              </Offset>
            </Anchor>
          </Anchors>
          <TexCoords left="0.2" right="0.8" top="0" bottom="0.6" />
        </Texture>
        <FontString name="$parentTitleString" font="Fonts\FRIZQT__.TTF" text="Skills: Advanced">
          <Size>
            <AbsDimension x="140" y="0" />
          </Size>
          <Anchors>
            <Anchor point="TOP">
              <Offset>
                <AbsDimension x="0" y="-4" />
              </Offset>
            </Anchor>
          </Anchors>
          <FontHeight>
            <AbsValue val="12" />
          </FontHeight>
          <Color r="1" g="0.8196079" b="0" />
          <Shadow>
            <Color r="0" g="0" b="0" />
            <Offset>
              <AbsDimension x="1" y="-1" />
            </Offset>
          </Shadow>
        </FontString>
      </Layer>
    </Layers>
    <Frames>
      <Button name="ProfessionCombo">
        <!--<FrameSkin skinid="dcb143e1-a4ab-4e7c-b934-1efa40101d21" frameid="2d50888b-59c2-4f83-ae10-27aaad48391b"><Property name="Items">&lt;?xml version="1.0"?&gt;
&lt;ArrayOfString xmlns:xsi="http://www.w3.org/2001/XMLSchema-instance" xmlns:xsd="http://www.w3.org/2001/XMLSchema"&gt;
  &lt;string&gt;Alchemy&lt;/string&gt;
  &lt;string&gt;Blacksmithing&lt;/string&gt;
  &lt;string&gt;Enchanting&lt;/string&gt;
  &lt;string&gt;Engineering&lt;/string&gt;
  &lt;string&gt;Herbalism&lt;/string&gt;
  &lt;string&gt;Jewelcrafting&lt;/string&gt;
  &lt;string&gt;Leatherworking&lt;/string&gt;
  &lt;string&gt;Mining&lt;/string&gt;
  &lt;string&gt;Skinning&lt;/string&gt;
  &lt;string&gt;Tailoring&lt;/string&gt;
  &lt;string&gt;Cooking&lt;/string&gt;
  &lt;string&gt;Fishing&lt;/string&gt;
  &lt;string&gt;FirstAid&lt;/string&gt;
  &lt;string&gt;Poisons&lt;/string&gt;
&lt;/ArrayOfString&gt;</Property><Property name="OnSelectionChanged">&lt;?xml version="1.0"?&gt;
&lt;string /&gt;</Property></FrameSkin>-->
        <Size>
          <AbsDimension x="143" y="32" />
        </Size>
        <Anchors>
          <Anchor point="TOPLEFT">
            <Offset>
              <AbsDimension x="23" y="-106" />
            </Offset>
          </Anchor>
        </Anchors>
        <Layers>
          <Layer>
            <Texture name="$parentLeft" file="Interface\Glues\CharacterCreate\CharacterCreate-LabelFrame">
              <Size>
                <AbsDimension x="25" y="64" />
              </Size>
              <Anchors>
                <Anchor point="TOPLEFT">
                  <Offset>
                    <AbsDimension x="0" y="17" />
                  </Offset>
                </Anchor>
              </Anchors>
              <TexCoords left="0" right="0.1953125" top="0" bottom="1" />
            </Texture>
            <Texture name="$parentMiddle" file="Interface\Glues\CharacterCreate\CharacterCreate-LabelFrame">
              <Size>
                <AbsDimension x="93" y="64" />
              </Size>
              <Anchors>
                <Anchor point="LEFT" relativeTo="$parentLeft" relativePoint="RIGHT" />
              </Anchors>
              <TexCoords left="0.1953125" right="0.8046875" top="0" bottom="1" />
            </Texture>
            <Texture name="$parentRight" file="Interface\Glues\CharacterCreate\CharacterCreate-LabelFrame">
              <Size>
                <AbsDimension x="25" y="64" />
              </Size>
              <Anchors>
                <Anchor point="LEFT" relativeTo="$parentMiddle" relativePoint="RIGHT" />
              </Anchors>
              <TexCoords left="0.8046875" right="1" top="0" bottom="1" />
            </Texture>
            <FontString name="$parentText" font="Fonts\FRIZQT__.TTF" text="Professions" justifyH="RIGHT">
              <Size>
                <AbsDimension x="118" y="10" />
              </Size>
              <Anchors>
                <Anchor point="RIGHT" relativeTo="$parentRight">
                  <Offset>
                    <AbsDimension x="-43" y="2" />
                  </Offset>
                </Anchor>
              </Anchors>
              <FontHeight>
                <AbsValue val="10" />
              </FontHeight>
              <Color r="1" g="1" b="1" />
              <Shadow>
                <Color r="0" g="0" b="0" />
                <Offset>
                  <AbsDimension x="1" y="-1" />
                </Offset>
              </Shadow>
            </FontString>
          </Layer>
        </Layers>
        <Frames>
          <Button name="$parentButton">
            <Size>
              <AbsDimension x="24" y="24" />
            </Size>
            <Anchors>
              <Anchor point="TOPRIGHT" relativeTo="$parentRight">
                <Offset>
                  <AbsDimension x="-16" y="-18" />
                </Offset>
              </Anchor>
            </Anchors>
            <Scripts>
              <OnClick>
						ToggleDropDownMenu();
						PlaySound("igMainMenuOptionCheckBoxOn");
					</OnClick>
            </Scripts>
            <NormalTexture name="$parentNormalTexture" file="Interface\ChatFrame\UI-ChatIcon-ScrollDown-Up">
              <Size>
                <AbsDimension x="24" y="24" />
              </Size>
              <Anchors>
                <Anchor point="RIGHT" />
              </Anchors>
            </NormalTexture>
            <PushedTexture name="$parentPushedTexture" file="Interface\ChatFrame\UI-ChatIcon-ScrollDown-Down">
              <Size>
                <AbsDimension x="24" y="24" />
              </Size>
              <Anchors>
                <Anchor point="RIGHT" />
              </Anchors>
            </PushedTexture>
            <DisabledTexture name="$parentDisabledTexture" file="Interface\ChatFrame\UI-ChatIcon-ScrollDown-Disabled">
              <Size>
                <AbsDimension x="24" y="24" />
              </Size>
              <Anchors>
                <Anchor point="RIGHT" />
              </Anchors>
            </DisabledTexture>
            <HighlightTexture name="$parentHighlightTexture" file="Interface\Buttons\UI-Common-MouseHilight" alphaMode="ADD">
              <Size>
                <AbsDimension x="24" y="24" />
              </Size>
              <Anchors>
                <Anchor point="RIGHT" />
              </Anchors>
            </HighlightTexture>
          </Button>
        </Frames>
        <Scripts>
          <OnLoad>-- START AUTOGENERATED, DO NOT EDIT
local cb_init_fn = function()
  local info
  info = {}
  info.text = "Alchemy"
  info.func = function() UIDropDownMenu_SetSelectedID(ProfessionCombo, this:GetID(), 0);  end
  UIDropDownMenu_AddButton(info);
  info = {}
  info.text = "Blacksmithing"
  info.func = function() UIDropDownMenu_SetSelectedID(ProfessionCombo, this:GetID(), 0);  end
  UIDropDownMenu_AddButton(info);
  info = {}
  info.text = "Enchanting"
  info.func = function() UIDropDownMenu_SetSelectedID(ProfessionCombo, this:GetID(), 0);  end
  UIDropDownMenu_AddButton(info);
  info = {}
  info.text = "Engineering"
  info.func = function() UIDropDownMenu_SetSelectedID(ProfessionCombo, this:GetID(), 0);  end
  UIDropDownMenu_AddButton(info);
  info = {}
  info.text = "Herbalism"
  info.func = function() UIDropDownMenu_SetSelectedID(ProfessionCombo, this:GetID(), 0);  end
  UIDropDownMenu_AddButton(info);
  info = {}
  info.text = "Jewelcrafting"
  info.func = function() UIDropDownMenu_SetSelectedID(ProfessionCombo, this:GetID(), 0);  end
  UIDropDownMenu_AddButton(info);
  info = {}
  info.text = "Leatherworking"
  info.func = function() UIDropDownMenu_SetSelectedID(ProfessionCombo, this:GetID(), 0);  end
  UIDropDownMenu_AddButton(info);
  info = {}
  info.text = "Mining"
  info.func = function() UIDropDownMenu_SetSelectedID(ProfessionCombo, this:GetID(), 0);  end
  UIDropDownMenu_AddButton(info);
  info = {}
  info.text = "Skinning"
  info.func = function() UIDropDownMenu_SetSelectedID(ProfessionCombo, this:GetID(), 0);  end
  UIDropDownMenu_AddButton(info);
  info = {}
  info.text = "Tailoring"
  info.func = function() UIDropDownMenu_SetSelectedID(ProfessionCombo, this:GetID(), 0);  end
  UIDropDownMenu_AddButton(info);
  info = {}
  info.text = "Cooking"
  info.func = function() UIDropDownMenu_SetSelectedID(ProfessionCombo, this:GetID(), 0);  end
  UIDropDownMenu_AddButton(info);
  info = {}
  info.text = "Fishing"
  info.func = function() UIDropDownMenu_SetSelectedID(ProfessionCombo, this:GetID(), 0);  end
  UIDropDownMenu_AddButton(info);
  info = {}
  info.text = "FirstAid"
  info.func = function() UIDropDownMenu_SetSelectedID(ProfessionCombo, this:GetID(), 0);  end
  UIDropDownMenu_AddButton(info);
  info = {}
  info.text = "Poisons"
  info.func = function() UIDropDownMenu_SetSelectedID(ProfessionCombo, this:GetID(), 0);  end
  UIDropDownMenu_AddButton(info);
end
UIDropDownMenu_Initialize(this, cb_init_fn)
-- END AUTOGENERATED
</OnLoad>
          <OnHide>CloseDropDownMenus();
</OnHide>
        </Scripts>
      </Button>
      <Button name="ProfessionsBtn" text="Professions">
        <!--<FrameSkin skinid="dcb143e1-a4ab-4e7c-b934-1efa40101d21" frameid="2d508884-59c2-4f83-ae10-27aaad48391b" />-->
        <Size>
          <AbsDimension x="143" y="25" />
        </Size>
        <Anchors>
          <Anchor point="TOPLEFT">
            <Offset>
              <AbsDimension x="23" y="-144" />
            </Offset>
          </Anchor>
        </Anchors>
        <Scripts>
          <OnClick>LearnProf123();</OnClick>
        </Scripts>
        <NormalTexture file="Interface\Buttons\UI-Panel-Button-Up">
          <TexCoords left="0" right="0.625" top="0" bottom="0.6875" />
        </NormalTexture>
        <PushedTexture file="Interface\Buttons\UI-Panel-Button-Down">
          <TexCoords left="0" right="0.625" top="0" bottom="0.6875" />
        </PushedTexture>
        <DisabledTexture file="Interface\Buttons\UI-Panel-Button-Disabled">
          <TexCoords left="0" right="0.625" top="0" bottom="0.6875" />
        </DisabledTexture>
        <HighlightTexture file="Interface\Buttons\UI-Panel-Button-Highlight" alphaMode="ADD">
          <TexCoords left="0" right="0.625" top="0" bottom="0.6875" />
        </HighlightTexture>
        <ButtonText name="$parentText">
          <FontHeight>
            <AbsValue val="10" />
          </FontHeight>
        </ButtonText>
        <NormalFont inherits="GameFontNormal" font="Fonts\FRIZQT__.TTF">
          <FontHeight>
            <AbsValue val="12" />
          </FontHeight>
          <Color r="1" g="0.8196079" b="0" />
          <Shadow>
            <Color r="0" g="0" b="0" />
            <Offset>
              <AbsDimension x="1" y="-1" />
            </Offset>
          </Shadow>
        </NormalFont>
        <HighlightFont inherits="GameFontHighlight" font="Fonts\FRIZQT__.TTF">
          <FontHeight>
            <AbsValue val="12" />
          </FontHeight>
          <Color r="1" g="1" b="1" />
          <Shadow>
            <Color r="0" g="0" b="0" />
            <Offset>
              <AbsDimension x="1" y="-1" />
            </Offset>
          </Shadow>
        </HighlightFont>
        <DisabledFont inherits="GameFontDisable" font="Fonts\FRIZQT__.TTF">
          <FontHeight>
            <AbsValue val="12" />
          </FontHeight>
          <Color r="0.4980392" g="0.4980392" b="0.4980392" />
          <Shadow>
            <Color r="0" g="0" b="0" />
            <Offset>
              <AbsDimension x="1" y="-1" />
            </Offset>
          </Shadow>
        </DisabledFont>
      </Button>
      <Frame name="SKLvl">
        <!--<FrameSkin skinid="dcb143e1-a4ab-4e7c-b934-1efa40101d21" frameid="2d508885-59c2-4f83-ae10-27aaad48391b" />-->
        <Size>
          <AbsDimension x="143" y="18" />
        </Size>
        <Anchors>
          <Anchor point="TOPLEFT">
            <Offset>
              <AbsDimension x="23" y="-30" />
            </Offset>
          </Anchor>
        </Anchors>
        <Layers>
          <Layer>
            <FontString name="$parentLabel" font="Fonts\FRIZQT__.TTF" text="Skill Level">
              <Anchors>
                <Anchor point="TOPLEFT" />
                <Anchor point="BOTTOMRIGHT" />
              </Anchors>
              <FontHeight>
                <AbsValue val="12" />
              </FontHeight>
              <Color r="1" g="0.8196079" b="0" />
              <Shadow>
                <Color r="0" g="0" b="0" />
                <Offset>
                  <AbsDimension x="1" y="-1" />
                </Offset>
              </Shadow>
            </FontString>
          </Layer>
        </Layers>
      </Frame>
      <Button name="Done" text="Done">
        <!--<FrameSkin skinid="dcb143e1-a4ab-4e7c-b934-1efa40101d21" frameid="2d508884-59c2-4f83-ae10-27aaad48391b" />-->
        <Size>
          <AbsDimension x="90" y="19" />
        </Size>
        <Anchors>
          <Anchor point="TOPLEFT">
            <Offset>
              <AbsDimension x="47" y="-268" />
            </Offset>
          </Anchor>
        </Anchors>
        <Scripts>
          <OnClick>Skill2Form:Hide(); ProfessionsForm:Hide(); OpenMain(); SkillLevel1:SetText("");
</OnClick>
        </Scripts>
        <NormalTexture file="Interface\Buttons\UI-Panel-Button-Up">
          <TexCoords left="0" right="0.625" top="0" bottom="0.6875" />
        </NormalTexture>
        <PushedTexture file="Interface\Buttons\UI-Panel-Button-Down">
          <TexCoords left="0" right="0.625" top="0" bottom="0.6875" />
        </PushedTexture>
        <DisabledTexture file="Interface\Buttons\UI-Panel-Button-Disabled">
          <TexCoords left="0" right="0.625" top="0" bottom="0.6875" />
        </DisabledTexture>
        <HighlightTexture file="Interface\Buttons\UI-Panel-Button-Highlight" alphaMode="ADD">
          <TexCoords left="0" right="0.625" top="0" bottom="0.6875" />
        </HighlightTexture>
        <ButtonText name="$parentText">
          <FontHeight>
            <AbsValue val="10" />
          </FontHeight>
        </ButtonText>
        <NormalFont inherits="GameFontNormal" font="Fonts\FRIZQT__.TTF">
          <FontHeight>
            <AbsValue val="12" />
          </FontHeight>
          <Color r="1" g="0.8196079" b="0" />
          <Shadow>
            <Color r="0" g="0" b="0" />
            <Offset>
              <AbsDimension x="1" y="-1" />
            </Offset>
          </Shadow>
        </NormalFont>
        <HighlightFont inherits="GameFontHighlight" font="Fonts\FRIZQT__.TTF">
          <FontHeight>
            <AbsValue val="12" />
          </FontHeight>
          <Color r="1" g="1" b="1" />
          <Shadow>
            <Color r="0" g="0" b="0" />
            <Offset>
              <AbsDimension x="1" y="-1" />
            </Offset>
          </Shadow>
        </HighlightFont>
        <DisabledFont inherits="GameFontDisable" font="Fonts\FRIZQT__.TTF">
          <FontHeight>
            <AbsValue val="12" />
          </FontHeight>
          <Color r="0.4980392" g="0.4980392" b="0.4980392" />
          <Shadow>
            <Color r="0" g="0" b="0" />
            <Offset>
              <AbsDimension x="1" y="-1" />
            </Offset>
          </Shadow>
        </DisabledFont>
      </Button>
      <Button name="Blacksmithing" text="Weapons">
        <!--<FrameSkin skinid="dcb143e1-a4ab-4e7c-b934-1efa40101d21" frameid="2d508884-59c2-4f83-ae10-27aaad48391b" />-->
        <Size>
          <AbsDimension x="143" y="25" />
        </Size>
        <Anchors>
          <Anchor point="TOPLEFT">
            <Offset>
              <AbsDimension x="23" y="-237" />
            </Offset>
          </Anchor>
        </Anchors>
        <Scripts>
          <OnClick>LearnBlackSmithing()
</OnClick>
        </Scripts>
        <NormalTexture file="Interface\Buttons\UI-Panel-Button-Up">
          <TexCoords left="0" right="0.625" top="0" bottom="0.6875" />
        </NormalTexture>
        <PushedTexture file="Interface\Buttons\UI-Panel-Button-Down">
          <TexCoords left="0" right="0.625" top="0" bottom="0.6875" />
        </PushedTexture>
        <DisabledTexture file="Interface\Buttons\UI-Panel-Button-Disabled">
          <TexCoords left="0" right="0.625" top="0" bottom="0.6875" />
        </DisabledTexture>
        <HighlightTexture file="Interface\Buttons\UI-Panel-Button-Highlight" alphaMode="ADD">
          <TexCoords left="0" right="0.625" top="0" bottom="0.6875" />
        </HighlightTexture>
        <ButtonText name="$parentText">
          <FontHeight>
            <AbsValue val="10" />
          </FontHeight>
        </ButtonText>
        <NormalFont inherits="GameFontNormal" font="Fonts\FRIZQT__.TTF">
          <FontHeight>
            <AbsValue val="12" />
          </FontHeight>
          <Color r="1" g="0.8196079" b="0" />
          <Shadow>
            <Color r="0" g="0" b="0" />
            <Offset>
              <AbsDimension x="1" y="-1" />
            </Offset>
          </Shadow>
        </NormalFont>
        <HighlightFont inherits="GameFontHighlight" font="Fonts\FRIZQT__.TTF">
          <FontHeight>
            <AbsValue val="12" />
          </FontHeight>
          <Color r="1" g="1" b="1" />
          <Shadow>
            <Color r="0" g="0" b="0" />
            <Offset>
              <AbsDimension x="1" y="-1" />
            </Offset>
          </Shadow>
        </HighlightFont>
        <DisabledFont inherits="GameFontDisable" font="Fonts\FRIZQT__.TTF">
          <FontHeight>
            <AbsValue val="12" />
          </FontHeight>
          <Color r="0.4980392" g="0.4980392" b="0.4980392" />
          <Shadow>
            <Color r="0" g="0" b="0" />
            <Offset>
              <AbsDimension x="1" y="-1" />
            </Offset>
          </Shadow>
        </DisabledFont>
      </Button>
      <Frame name="$parentComponent1">
        <!--<FrameSkin skinid="dcb143e1-a4ab-4e7c-b934-1efa40101d21" frameid="2d508885-59c2-4f83-ae10-27aaad48391b" />-->
        <Size>
          <AbsDimension x="143" y="18" />
        </Size>
        <Anchors>
          <Anchor point="TOPLEFT">
            <Offset>
              <AbsDimension x="23" y="-82" />
            </Offset>
          </Anchor>
        </Anchors>
        <Layers>
          <Layer>
            <FontString name="$parentLabel" font="Fonts\FRIZQT__.TTF" text="----------------">
              <Anchors>
                <Anchor point="TOPLEFT" />
                <Anchor point="BOTTOMRIGHT" />
              </Anchors>
              <FontHeight>
                <AbsValue val="12" />
              </FontHeight>
              <Color r="1" g="0.8196079" b="0" />
              <Shadow>
                <Color r="0" g="0" b="0" />
                <Offset>
                  <AbsDimension x="1" y="-1" />
                </Offset>
              </Shadow>
            </FontString>
          </Layer>
        </Layers>
      </Frame>
      <Frame name="$parentComponent6">
        <!--<FrameSkin skinid="dcb143e1-a4ab-4e7c-b934-1efa40101d21" frameid="2d508885-59c2-4f83-ae10-27aaad48391b" />-->
        <Size>
          <AbsDimension x="143" y="18" />
        </Size>
        <Anchors>
          <Anchor point="TOPLEFT">
            <Offset>
              <AbsDimension x="23" y="-175" />
            </Offset>
          </Anchor>
        </Anchors>
        <Layers>
          <Layer>
            <FontString name="$parentLabel" font="Fonts\FRIZQT__.TTF" text="----------------">
              <Anchors>
                <Anchor point="TOPLEFT" />
                <Anchor point="BOTTOMRIGHT" />
              </Anchors>
              <FontHeight>
                <AbsValue val="12" />
              </FontHeight>
              <Color r="1" g="0.8196079" b="0" />
              <Shadow>
                <Color r="0" g="0" b="0" />
                <Offset>
                  <AbsDimension x="1" y="-1" />
                </Offset>
              </Shadow>
            </FontString>
          </Layer>
        </Layers>
      </Frame>
      <Button name="WeaponComboBox">
        <!--<FrameSkin skinid="dcb143e1-a4ab-4e7c-b934-1efa40101d21" frameid="2d50888b-59c2-4f83-ae10-27aaad48391b"><Property name="Items">&lt;?xml version="1.0"?&gt;
&lt;ArrayOfString xmlns:xsi="http://www.w3.org/2001/XMLSchema-instance" xmlns:xsd="http://www.w3.org/2001/XMLSchema" /&gt;</Property><Property name="OnSelectionChanged">&lt;?xml version="1.0"?&gt;
&lt;string /&gt;</Property></FrameSkin>-->
        <Size>
          <AbsDimension x="143" y="32" />
        </Size>
        <Anchors>
          <Anchor point="TOPLEFT">
            <Offset>
              <AbsDimension x="23" y="-199" />
            </Offset>
          </Anchor>
        </Anchors>
        <Layers>
          <Layer>
            <Texture name="$parentLeft" file="Interface\Glues\CharacterCreate\CharacterCreate-LabelFrame">
              <Size>
                <AbsDimension x="25" y="64" />
              </Size>
              <Anchors>
                <Anchor point="TOPLEFT">
                  <Offset>
                    <AbsDimension x="0" y="17" />
                  </Offset>
                </Anchor>
              </Anchors>
              <TexCoords left="0" right="0.1953125" top="0" bottom="1" />
            </Texture>
            <Texture name="$parentMiddle" file="Interface\Glues\CharacterCreate\CharacterCreate-LabelFrame">
              <Size>
                <AbsDimension x="93" y="64" />
              </Size>
              <Anchors>
                <Anchor point="LEFT" relativeTo="$parentLeft" relativePoint="RIGHT" />
              </Anchors>
              <TexCoords left="0.1953125" right="0.8046875" top="0" bottom="1" />
            </Texture>
            <Texture name="$parentRight" file="Interface\Glues\CharacterCreate\CharacterCreate-LabelFrame">
              <Size>
                <AbsDimension x="25" y="64" />
              </Size>
              <Anchors>
                <Anchor point="LEFT" relativeTo="$parentMiddle" relativePoint="RIGHT" />
              </Anchors>
              <TexCoords left="0.8046875" right="1" top="0" bottom="1" />
            </Texture>
            <FontString name="$parentText" font="Fonts\FRIZQT__.TTF" text="Weapons" justifyH="RIGHT">
              <Size>
                <AbsDimension x="118" y="10" />
              </Size>
              <Anchors>
                <Anchor point="RIGHT" relativeTo="$parentRight">
                  <Offset>
                    <AbsDimension x="-43" y="2" />
                  </Offset>
                </Anchor>
              </Anchors>
              <FontHeight>
                <AbsValue val="10" />
              </FontHeight>
              <Color r="1" g="1" b="1" />
              <Shadow>
                <Color r="0" g="0" b="0" />
                <Offset>
                  <AbsDimension x="1" y="-1" />
                </Offset>
              </Shadow>
            </FontString>
          </Layer>
        </Layers>
        <Frames>
          <Button name="$parentButton">
            <Size>
              <AbsDimension x="24" y="24" />
            </Size>
            <Anchors>
              <Anchor point="TOPRIGHT" relativeTo="$parentRight">
                <Offset>
                  <AbsDimension x="-16" y="-18" />
                </Offset>
              </Anchor>
            </Anchors>
            <Scripts>
              <OnClick>
						ToggleDropDownMenu();
						PlaySound("igMainMenuOptionCheckBoxOn");
					</OnClick>
            </Scripts>
            <NormalTexture name="$parentNormalTexture" file="Interface\ChatFrame\UI-ChatIcon-ScrollDown-Up">
              <Size>
                <AbsDimension x="24" y="24" />
              </Size>
              <Anchors>
                <Anchor point="RIGHT" />
              </Anchors>
            </NormalTexture>
            <PushedTexture name="$parentPushedTexture" file="Interface\ChatFrame\UI-ChatIcon-ScrollDown-Down">
              <Size>
                <AbsDimension x="24" y="24" />
              </Size>
              <Anchors>
                <Anchor point="RIGHT" />
              </Anchors>
            </PushedTexture>
            <DisabledTexture name="$parentDisabledTexture" file="Interface\ChatFrame\UI-ChatIcon-ScrollDown-Disabled">
              <Size>
                <AbsDimension x="24" y="24" />
              </Size>
              <Anchors>
                <Anchor point="RIGHT" />
              </Anchors>
            </DisabledTexture>
            <HighlightTexture name="$parentHighlightTexture" file="Interface\Buttons\UI-Common-MouseHilight" alphaMode="ADD">
              <Size>
                <AbsDimension x="24" y="24" />
              </Size>
              <Anchors>
                <Anchor point="RIGHT" />
              </Anchors>
            </HighlightTexture>
          </Button>
        </Frames>
        <Scripts>
          <OnHide>CloseDropDownMenus();
</OnHide>
        </Scripts>
      </Button>
      <EditBox name="SkillLevel1" enableMouse="true">
        <!--<FrameSkin skinid="dcb143e1-a4ab-4e7c-b934-1efa40101d21" frameid="2d508887-59c2-4f83-ae10-27aaad48391b" />-->
        <Size>
          <AbsDimension x="143" y="22" />
        </Size>
        <Anchors>
          <Anchor point="TOPLEFT">
            <Offset>
              <AbsDimension x="23" y="-54" />
            </Offset>
          </Anchor>
        </Anchors>
        <Layers>
          <Layer level="BACKGROUND">
            <Texture name="$parentLeft" file="Interface\Common\Common-Input-Border">
              <Size>
                <AbsDimension x="8" y="20" />
              </Size>
              <Anchors>
                <Anchor point="LEFT" />
              </Anchors>
              <TexCoords left="0" right="0.0625" top="0" bottom="0.625" />
            </Texture>
            <Texture name="$parentRight" file="Interface\Common\Common-Input-Border">
              <Size>
                <AbsDimension x="8" y="20" />
              </Size>
              <Anchors>
                <Anchor point="RIGHT" />
              </Anchors>
              <TexCoords left="0.9375" right="1" top="0" bottom="0.625" />
            </Texture>
            <Texture name="$parentMiddle" file="Interface\Common\Common-Input-Border">
              <Size>
                <AbsDimension x="10" y="20" />
              </Size>
              <Anchors>
                <Anchor point="LEFT" relativeTo="$parentLeft" relativePoint="RIGHT" />
                <Anchor point="RIGHT" relativeTo="$parentRight" relativePoint="LEFT" />
              </Anchors>
              <TexCoords left="0.0625" right="0.9375" top="0" bottom="0.625" />
            </Texture>
          </Layer>
        </Layers>
        <Scripts>
          <OnLoad>this:SetAutoFocus(false);
</OnLoad>
          <OnEscapePressed>this:ClearFocus();
</OnEscapePressed>
          <OnTabPressed>this:ClearFocus();
</OnTabPressed>
        </Scripts>
        <FontString font="Fonts\ARIALN.TTF">
          <FontHeight>
            <AbsValue val="14" />
          </FontHeight>
          <Color r="1" g="1" b="1" />
          <Shadow>
            <Color r="0" g="0" b="0" />
            <Offset>
              <AbsDimension x="1" y="-1" />
            </Offset>
          </Shadow>
        </FontString>
      </EditBox>
    </Frames>
    <Scripts>
      <OnLoad>GMHelperOnLoad()
</OnLoad>
      <OnShow>UIErrorsFrame:AddMessage("This Form is under Development!! Not 100% Working!", 1.0, 0.0, 0.0, 53, 5);
</OnShow>
      <OnDragStart>this:StartMoving()
</OnDragStart>
      <OnDragStop>this:StopMovingOrSizing()
</OnDragStop>
    </Scripts>
  </Frame>
</Ui>