/*
Title: Darkmoon Faire
Author: Nexis
Series: Setup
Location: Mulgore
*/

-- Darkmoon Faire NPCs
replace into `creature_names` values('40003','Darkmoon Faire Carnie','','','0','7','0','0','0',NULL,'14890','0','0','0','1','1','1',NULL);
replace into `creature_names` values('40002','Darkmoon Faire Carnie','','','0','7','0','0','0',NULL,'14914','0','0','0','1','1','1',NULL);
replace into `creature_names` values('40001','Darkmoon Faire Carnie','','','0','7','0','0','0',NULL,'14913','0','0','0','1','1','1',NULL);
replace into `creature_names` values('40000','Darkmoon Faire Carnie','','','0','7','0','0','0',NULL,'14912','0','0','0','1','1','1',NULL);

replace into `creature_proto` values('40003','25','25','1555','14115','14115','0','1','1','1760','0','30','43','0','0','0','0','8690','0','0','0','0','0','0','0','0','0','0','4','0','0','0','0','0','0','2.5','8','14','0');
replace into `creature_proto` values('40002','25','25','1555','14115','14115','0','1','1','1760','0','30','43','0','0','0','0','8690','0','0','0','0','0','0','0','0','0','0','4','0','0','0','0','0','0','2.5','8','14','0');
replace into `creature_proto` values('40001','25','25','1555','14115','14115','0','1','1','1760','0','30','43','0','0','0','0','8690','0','0','0','0','0','0','0','0','0','0','4','0','0','0','0','0','0','2.5','8','14','0');
replace into `creature_proto` values('40000','25','25','1555','14115','14115','0','1','1','1760','0','30','43','0','0','0','0','8690','0','0','0','0','0','0','0','0','0','0','4','0','0','0','0','0','0','2.5','8','14','0');

-- Creature Spawns
replace into `creature_spawns` values ('160007','40000','1','-1622.53','123.083','-17.9347','2.10189','0','14912','1555','0','0','0','234','0','0','0','0','0','1');
replace into `creature_spawns` values ('160006','40002','1','-1552.1','148.071','-7.79183','5.86709','0','14914','1555','0','0','0','234','0','0','0','0','0','1');
replace into `creature_spawns` values ('160005','40003','1','-1542.91','152.895','-7.79183','3.49912','0','14890','1555','0','0','0','234','0','0','0','0','0','1');
replace into `creature_spawns` values ('160004','40001','1','-1551.61','171.766','-7.79183','0.789493','0','14913','1555','0','0','0','234','0','0','0','0','0','1');
replace into `creature_spawns` values ('160003','40001','1','-1589.77','159.253','-7.24725','2.72786','0','14913','1555','0','0','0','234','0','0','0','0','0','1');
replace into `creature_spawns` values ('160002','40000','1','-1476.93','210.971','-7.79275','2.06969','0','14912','1555','0','0','0','0','0','0','0','0','0','1');
replace into `creature_spawns` values ('160001','40002','1','-1571.68','173.304','-7.79256','3.10406','0','14914','1555','0','0','0','0','0','0','0','0','0','1');
replace into `creature_spawns` values ('160000','40003','1','-1589.52','150.831','-7.36189','3.60797','0','14890','1555','0','0','0','0','0','0','0','0','0','1');


/*  Creature Waypoints */
-- Human Male
replace into `creature_waypoints` values ('160000','6','-1577.98','166.575','-7.63253','7000','0','0','69','0','0','14890','14890');
replace into `creature_waypoints` values ('160000','5','-1577.19','165.155','-7.6492','0','0','0','0','0','0','14890','14890');
replace into `creature_waypoints` values ('160000','4','-1577.44','160.937','-7.75131','0','0','0','0','0','0','14890','14890');
replace into `creature_waypoints` values ('160000','3','-1580.77','156.724','-7.76282','0','0','0','0','0','0','14890','14890');
replace into `creature_waypoints` values ('160000','2','-1588.46','151.331','-7.41977','0','0','0','0','0','0','14890','14890');
replace into `creature_waypoints` values ('160000','1','-1589.38','150.899','-7.36484','13000','0','0','0','1','16','14890','14890');

-- Orc Female
replace into `creature_waypoints` values ('160001','4','-1551.08','176.004','-7.79231','12000','0','1','16','0','0','14914','14914');
replace into `creature_waypoints` values ('160001','3','-1560.84','176.24','-7.79247','0','0','0','0','0','0','14914','14914');
replace into `creature_waypoints` values ('160001','2','-1565.11','174.532','-7.79423','0','0','0','0','0','0','14914','14914');
replace into `creature_waypoints` values ('160001','1','-1571.68','173.304','-7.79256','5500','0','0','0','0','69','14914','14914');

-- NightElf Female
replace into `creature_waypoints` values ('160002','6','-1538.72','172.976','-7.79263','11000','0','1','16','0','0','14912','14912');
replace into `creature_waypoints` values ('160002','5','-1519.13','173.977','-7.79275','0','0','0','0','0','0','14912','14912');
replace into `creature_waypoints` values ('160002','4','-1507.39','178.259','-7.79275','0','0','0','0','0','0','14912','14912');
replace into `creature_waypoints` values ('160002','3','-1490.61','190.339','-7.79275','0','0','0','0','0','0','14912','14912');
replace into `creature_waypoints` values ('160002','2','-1477.82','207.264','-7.79275','1000','0','0','0','0','0','14912','14912');
replace into `creature_waypoints` values ('160002','1','-1476.9','210.936','-7.79275','7000','0','0','0','0','69','14912','14912');


/*  Gameobject Spawns */
-- Chair
replace into `gameobject_spawns` values ('','180046','1','-1556.34','180.875','-7.79247','4.03679','0','0','0.901489','-0.432802','1','0','0','1','0','1');
replace into `gameobject_spawns` values ('','180046','1','-1471.26','200.399','-7.79274','4.18778','0','0','0.866278','-0.499562','1','0','0','1','0','1');
replace into `gameobject_spawns` values ('','180046','1','-1469.45','192.117','-7.79277','2.52666','0','0','0.953104','0.302644','1','0','0','1','0','1');
replace into `gameobject_spawns` values ('','180046','1','-1469.01','193.358','-7.79268','3.30421','0','0','0.996696','-0.0812167','1','0','0','1','0','1');

-- "Coming Soon!" Sign
replace into `gameobject_spawns` values ('','179964','1','-1589.4','100.632','-10.4527','1.65781','0','0','0.737193','0.675683','1','0','0','1','0','1');
replace into `gameobject_spawns` values ('','179964','1','-1460.58','170.326','-7.72845','3.17207','0','0','0.999884','-0.0152369','1','0','0','1','0','1');

-- Mug Foam 01
replace into `gameobject_spawns` values ('','180048','1','-1470.35','199.889','-7.29706','3.90956','0','0','0.92718','-0.374615','1','0','0','1','0','1');

-- Small Table
replace into `gameobject_spawns` values ('','180047','1','-1470.27','199.78','-7.79262','3.81924','0','0','0.943147','-0.332376','1','0','0','1','0','1');
replace into `gameobject_spawns` values ('','180047','1','-1557.52','181.211','-7.79277','4.57165','0','0','0.755074','-0.655639','1','0','0','1','0','1');

-- Bread French Half
replace into `gameobject_spawns` values ('','180050','1','-1557.52','181.339','-7.25376','4.38394','0','0','0.813195','-0.581991','1','0','0','1','0','1');

-- Bread French 01
replace into `gameobject_spawns` values ('','180051','1','-1557.6','181.483','-7.25198','4.16011','0','0','0.873107','-0.487529','1','0','0','1','0','1');

-- Mug 01
replace into `gameobject_spawns` values ('','180049','1','-1557.45','181.219','-7.28296','1.23449','0','0','0.578792','0.815475','1','0','0','1','0','1');

-- Darkmoon Faire Wagon Loaded
replace into `gameobject_spawns` values ('','180005','1','-1579.64','175.671','-5.2','4.09361','0','0','0.88883','-0.458237','1','0','0','1','0','1');
replace into `gameobject_spawns` values ('','180005','1','-1627.57','100.704','-15.4','4.4477','0','0','0.794231','-0.607616','1','0','0','1','0','1');
replace into `gameobject_spawns` values ('','180005','1','-1454.52','195.87','-5.2','1.18011','0','0','0.556407','0.83091','1','0','0','1','0','1');
replace into `gameobject_spawns` values ('','180005','1','-1482.14','216.115','-5.2','0.63897','0','0','0.314078','0.949397','1','0','0','1','0','1');

-- Excavation Stake
replace into `gameobject_spawns` values ('','180007','1','-1550.72','172.714','-7.79162','1.82538','0','0','0.791153','0.611618','1','0','0','1','0','1');
replace into `gameobject_spawns` values ('','180007','1','-1590.91','159.81','-7.12431','3.11344','0','0','0.999901','0.0140772','1','0','0','1','0','1');
replace into `gameobject_spawns` values ('','180007','1','-1544.39','152.464','-7.79208','3.81637','0','0','0.943623','-0.331023','1','0','0','1','0','1');
replace into `gameobject_spawns` values ('','180007','1','-1550.77','147.41','-7.79208','4.92378','0','0','0.628563','-0.777759','1','0','0','1','0','1');
replace into `gameobject_spawns` values ('','180007','1','-1623.14','124.235','-17.9358','1.75939','0','0','0.770546','0.637385','1','0','0','1','0','1');

-- Darkmoon Faire Signpost
replace into `gameobject_spawns` values ('','180026','1','-1589.48','101.682','-10.5528','4.66145','0','0','0.724886','-0.688869','1','0','0','1','0','1');
replace into `gameobject_spawns` values ('','180026','1','-1461.64','170.173','-7.7439','6.25324','0','0','0.0149713','-0.999888','1','0','0','1','0','1');

-- Darkmoon Faire Banner
replace into `gameobject_spawns` values ('','179965','1','-1585.95','102.162','-10.2091','4.71642','0','0','0.70568','-0.708531','1','0','0','1','0','1');
replace into `gameobject_spawns` values ('','179965','1','-1593.12','102.276','-10.9298','4.72427','0','0','0.702893','-0.711296','1','0','0','1','0','1');
replace into `gameobject_spawns` values ('','179965','1','-1461.5','166.631','-7.69143','0.0446679','0','0','0.0223321','0.999751','1','0','0','1','0','1');
replace into `gameobject_spawns` values ('','179965','1','-1461.31','173.728','-7.76539','0.036814','0','0','0.0184059','0.999831','1','0','0','1','0','1');

-- Free Standing Torch 01
replace into `gameobject_spawns` values ('','180043','1','-1621.47','124.836','-17.9235','2.40735','0','0','0.933364','0.358931','1','0','0','1','0','1');
replace into `gameobject_spawns` values ('','180043','1','-1468.73','196.688','-7.7927','0.0652261','0','0','0.0326073','0.999468','1','0','0','1','0','1');
replace into `gameobject_spawns` values ('','180043','1','-1479.94','208.14','-7.79254','3.08666','0','0','0.999623','0.0274643','1','0','0','1','0','1');
replace into `gameobject_spawns` values ('','180043','1','-1460.54','217.391','-7.79274','1.29909','0','0','0.604825','0.796359','1','0','0','1','0','1');

-- Deadmine Cargo Boxes
replace into `gameobject_spawns` values ('','180052','1','-1468.46','197.694','-7.79271','3.47935','0','0','0.985774','-0.168077','1','0','0','1','0','1');

-- Outhouse
replace into `gameobject_spawns` values ('','180006','1','-1458.36','218.45','-7.79274','4.2247','0','0','0.85691','-0.515467','1','0','0','1','0','1');
replace into `gameobject_spawns` values ('','180006','1','-1461.94','219.518','-7.79274','4.58205','0','0','0.751653','-0.659558','1','0','0','1','0','1');

-- Stormwind Gypsy Wagon
replace into `gameobject_spawns` values ('','180045','1','-1468.98','202.28','-7.79256','2.38255','0','0','0.928843','0.370474','1','0','0','1','0','1');
replace into `gameobject_spawns` values ('','180045','1','-1466.35','192.254','-7.79256','1.29478','0','0','0.603106','0.797661','1','0','0','1','0','1');
replace into `gameobject_spawns` values ('','180045','1','-1555.96','183.893','-7.59416','2.7434','0','0','0.980245','0.197785','1','0','0','1','0','1');

-- General Lantern 01
replace into `gameobject_spawns` values ('','179977','1','-1552.73','143.001','-7.15635','4.84556','0','0','0.65849','-0.752589','1','0','0','1','0','1');
replace into `gameobject_spawns` values ('','179977','1','-1588.67','148.609','-6.36767','1.3986','0','0','0.643682','0.765293','1','0','0','1','0','1');
replace into `gameobject_spawns` values ('','179977','1','-1546.71','174.03','-5.88597','3.91902','0','0','0.925398','-0.378996','1','0','0','1','0','1');

-- Replace Crate 01
replace into `gameobject_spawns` values ('','179969','1','-1552.73','143.001','-7.79194','3.63212','0','0','0.970073','-0.242814','1','0','0','1','0','1');
replace into `gameobject_spawns` values ('','179969','1','-1552.86','141.154','-6.54215','5.11589','0','0','0.551073','-0.834457','1','0','0','1','0','1');
replace into `gameobject_spawns` values ('','179969','1','-1541.43','173.784','-6.54245','6.26828','0','0','0.00745495','-0.999972','1','0','0','1','0','1');
replace into `gameobject_spawns` values ('','179969','1','-1541.8','175','-6.53334','4.55611','0','0','0.760147','-0.649752','1','0','0','1','0','1');
replace into `gameobject_spawns` values ('','179969','1','-1546.71','174.03','-6.52153','5.50159','0','0','0.380925','-0.924606','1','0','0','1','0','1');

-- Replace Crate 02
replace into `gameobject_spawns` values ('','179970','1','-1554.23','142.933','-7.79151','2.61111','0','0','0.965029','0.262144','1','0','0','1','0','1');
replace into `gameobject_spawns` values ('','179970','1','-1540','172.175','-7.79267','6.04444','0','0','0.119089','-0.992884','1','0','0','1','0','1');
replace into `gameobject_spawns` values ('','179970','1','-1540.8','172.213','-7.79094','0.369936','0','0','0.183915','0.982942','1','0','0','1','0','1');
replace into `gameobject_spawns` values ('','179970','1','-1543.48','172.986','-7.79083','4.50021','0','0','0.778006','-0.628257','1','0','0','1','0','1');

-- Barrel 01
replace into `gameobject_spawns` values ('','179967','1','-1551.62','143.488','-7.78787','1.9553','0','0','0.829186','0.558973','1','0','0','1','0','1');
replace into `gameobject_spawns` values ('','179967','1','-1551.22','142.314','-7.77233','1.73146','0','0','0.761569','0.648084','1','0','0','1','0','1');
replace into `gameobject_spawns` values ('','179967','1','-1588.67','148.609','-7.36089','0.31475','0','0','0.156726','0.987642','1','0','0','1','0','1');
replace into `gameobject_spawns` values ('','179967','1','-1588.49','147.472','-7.24758','1.05302','0','0','0.502521','0.864565','1','0','0','1','0','1');
replace into `gameobject_spawns` values ('','179967','1','-1589.53','148.042','-7.31589','6.25629','0','0','0.0134492','-0.99991','1','0','0','1','0','1');
replace into `gameobject_spawns` values ('','179967','1','-1544.55','173.942','-7.76912','4.77902','0','0','0.68316','-0.730269','1','0','0','1','0','1');
replace into `gameobject_spawns` values ('','179967','1','-1548.9','175.539','-7.75652','0.947417','0','0','0.45619','0.889883','1','0','0','1','0','1');

-- Stormwind Crate 01
replace into `gameobject_spawns` values ('','179972','1','-1552.19','141.323','-7.77785','5.21406','0','0','0.509463','-0.860492','1','0','0','1','0','1');
replace into `gameobject_spawns` values ('','179972','1','-1553.83','140.898','-7.79143','4.77817','0','0','0.683471','-0.729977','1','0','0','1','0','1');
replace into `gameobject_spawns` values ('','179972','1','-1541.76','174.994','-7.77684','4.5836','0','0','0.751145','-0.660137','1','0','0','1','0','1');
replace into `gameobject_spawns` values ('','179972','1','-1540.47','173.963','-7.78637','4.59053','0','0','0.748852','-0.662738','1','0','0','1','0','1');
replace into `gameobject_spawns` values ('','179972','1','-1541.91','173.196','-7.78545','6.27521','0','0','0.00398888','-0.999992','1','0','0','1','0','1');
replace into `gameobject_spawns` values ('','179972','1','-1546.71','174.03','-7.76452','4.73976','0','0','0.697364','-0.716718','1','0','0','1','0','1');

-- Haystack 01
replace into `gameobject_spawns` values ('','179968','1','-1591.47','149.47','-6.60399','1.08444','0','0','0.516039','0.856565','1','0','0','1','0','1');
replace into `gameobject_spawns` values ('','179968','1','-1591.32','150.362','-7.28074','0.511309','0','0','0.252879','0.967498','1','0','0','1','0','1');
replace into `gameobject_spawns` values ('','179968','1','-1592.07','149.94','-7.30855','0.511309','0','0','0.252879','0.967498','1','0','0','1','0','1');
replace into `gameobject_spawns` values ('','179968','1','-1591.48','148.885','-7.3095','0.491674','0','0','0.243368','0.969934','1','0','0','1','0','1');
replace into `gameobject_spawns` values ('','179968','1','-1543.91','174.897','-7.75943','2.92549','0','0','0.994168','0.107843','1','0','0','1','0','1');
replace into `gameobject_spawns` values ('','179968','1','-1545.34','174.81','-7.74809','3.47134','0','0','0.986439','-0.164125','1','0','0','1','0','1');

-- Beer Keg 01
replace into `gameobject_spawns` values ('','179976','1','-1592.32','152.183','-7.32183','0.0400698','0','0','0.0200336','0.999799','1','0','0','1','0','1');

-- Inn Barrel
replace into `gameobject_spawns` values ('','179973','1','-1548.83','176.787','-7.7031','4.66235','0','0','0.724574','-0.689197','1','0','0','1','0','1');
replace into `gameobject_spawns` values ('','179973','1','-1547.65','175.983','-7.72145','4.7366','0','0','0.698495','-0.715615','1','0','0','1','0','1');

/* Darkmoon Faire Text */
replace into `npc_text` values('50000','1','That\'s right friend! The Darkmoon Faire is going to be right here. Just as soon as I unload those huge wagons, put up all the tents, erect the zoo and pour the drinks. Make sure you come back!','That\'s right friend! The Darkmoon Faire is going to be right here. Just as soon as I unload those huge wagons, put up all the tents, erect the zoo and pour the drinks. Make sure you come back!','0','1','0','0','0','0','0','0','','','0','0','0','0','0','0','0','0','','','0','0','0','0','0','0','0','0','','','0','0','0','0','0','0','0','0','','','0','0','0','0','0','0','0','0','','','0','0','0','0','0','0','0','0','','','0','0','0','0','0','0','0','0','','','0','0','0','0','0','0','0');
replace into `npc_text` values('50001','1','Won\'t be long now until the Darkmoon Faire opens. Come back later and check to see if we\'re done.','Won\'t be long now until the Darkmoon Faire opens. Come back later and check to see if we\'re done.','0','1','0','0','0','0','0','0','','','0','0','0','0','0','0','0','0','','','0','0','0','0','0','0','0','0','','','0','0','0','0','0','0','0','0','','','0','0','0','0','0','0','0','0','','','0','0','0','0','0','0','0','0','','','0','0','0','0','0','0','0','0','','','0','0','0','0','0','0','0');
replace into `npc_text` values('50002','1','Faire\'s a coming!','Faire\'s a coming!','0','4','0','0','0','0','0','0','','','0','0','0','0','0','0','0','0','','','0','0','0','0','0','0','0','0','','','0','0','0','0','0','0','0','0','','','0','0','0','0','0','0','0','0','','','0','0','0','0','0','0','0','0','','','0','0','0','0','0','0','0','0','','','0','0','0','0','0','0','0');
replace into `npc_text` values('50003','1','Can\'t you see I\'ve got work to do here?','Can\'t you see I\'ve got work to do here?','0','6','0','0','0','0','0','0','','','0','0','0','0','0','0','0','0','','','0','0','0','0','0','0','0','0','','','0','0','0','0','0','0','0','0','','','0','0','0','0','0','0','0','0','','','0','0','0','0','0','0','0','0','','','0','0','0','0','0','0','0','0','','','0','0','0','0','0','0','0');
