
REPLACE INTO `creature_spawns` (`id`, `entry`, `map`, `position_x`, `position_y`, `position_z`, `orientation`, `movetype`, `displayid`, `faction`, `flags`, `bytes0`, `bytes1`, `bytes2`, `emote_state`, `npc_respawn_link`, `channel_spell`, `channel_target_sqlid`, `channel_target_sqlid_creature`, `phase`) VALUES	
('400000','15113','0','-5069.41','-804.93','495.126','3.17065','2','15225','35','0','0','0','0','0','0','0','0','0','1'),		
('400001','15113','0','-5069.88','-801.673','495.126','3.17301','2','15223','35','0','0','0','0','0','0','0','0','0','1'),			
('400002','15113','0','-5065.82','-798.999','495.126','3.14159','2','15222','35','0','0','0','0','0','0','0','0','0','1'),			
('400003','15113','0','-5078.54','-806.337','495.126','0.0447657','2','15225','35','0','0','0','0','0','0','0','0','0','1'),		
('400004','15113','0','-5086.6','-805.28','495.126','0.0133514','2','15224','35','0','0','0','0','0','0','0','0','0','1'),			
('400005','15113','0','-5091.97','-806.723','495.085','0.0094285','2','15223','35','0','0','0','0','0','0','0','0','0','1'),		
('400006','15113','0','-5099.61','-805.724','495.127','4.73753','2','15222','35','0','0','0','0','0','0','0','0','0','1'),			
('400007','15113','0','-5090.59','-797.121','495.127','0.070682','2','15223','35','0','0','0','0','0','0','0','0','0','1'),			
('400008','15113','0','-5087.36','-794.037','495.372','3.1573','2','15222','35','0','0','0','0','0','0','0','0','0','1'),			
('400009','15113','0','-5078.02','-794.201','495.305','4.79093','2','15222','35','0','0','0','0','0','0','0','0','0','1'),			
('400010','15113','0','-5081.07','-788.585','495.815','4.76737','2','15222','35','0','0','0','0','0','0','0','0','0','1'),			
('400011','15113','0','-5094.19','-795.361','495.127','4.71553','2','15225','35','0','0','0','0','0','0','0','0','0','1'),			
('400012','15011','0','-5060.17','-789.024','495.082','1.05087','0','15134','55','0','0','0','0','0','0','0','0','0','1');			
	
REPLACE INTO `creature_spawns` (`id`, `entry`, `map`, `position_x`, `position_y`, `position_z`, `orientation`, `movetype`, `displayid`, `faction`, `flags`, `bytes0`, `bytes1`, `bytes2`, `emote_state`, `npc_respawn_link`, `channel_spell`, `channel_target_sqlid`, `channel_target_sqlid_creature`, `phase`) VALUES	
('400014','15115','1','1327.23','-4429.5','26.6199','0.581999','2','15229','35','0','0','0','0','0','0','0','0','0','1'),			
('400015','15115','1','1324.42','-4423.35','26.6932','0.49168','2','15232','35','0','0','0','0','0','0','0','0','0','1'),			
('400016','15115','1','1318.31','-4419.07','26.2562','0.148464','2','15229','35','0','0','0','0','0','0','0','0','0','1'),			
('400017','15115','1','1319.41','-4411.22','26.5128','3.21309','2','15229','35','0','0','0','0','0','0','0','0','0','1'),			
('400018','15115','1','1322.6','-4406.6','26.9276','2.895','2','15229','35','0','0','0','0','0','0','0','0','0','1'),				
('400019','15115','1','1334.43','-4400.73','27.7533','4.72969','2','15232','35','0','0','0','0','0','0','0','0','0','1'),			
('400020','15115','1','1340.42','-4405.27','27.8324','4.69435','2','15228','35','0','0','0','0','0','0','0','0','0','1'),			
('400021','15115','1','1349.42','-4409.85','28.0648','3.11962','2','15232','35','0','0','0','0','0','0','0','0','0','1'),			
('400022','15115','1','1351.98','-4421.79','27.7425','0.0510709','2','15229','35','0','0','0','0','0','0','0','0','0','1'),			
('400023','15115','1','1348.24','-4427.39','27.4056','0.0306511','2','15230','35','0','0','0','0','0','0','0','0','0','1'),			
('400024','15115','1','1339.94','-4429.73','26.7953','1.63679','2','15230','35','0','0','0','0','0','0','0','0','0','1'),			
('400025','15115','1','1335.84','-4436.63','26.4615','0.0110183','2','15230','35','0','0','0','0','0','0','0','0','0','1'),			
('400026','15012','1','1322.81','-4400','27.1513','2.46147','0','15139','29','0','0','0','0','0','0','0','0','0','1');				


REPLACE INTO `creature_waypoints` VALUES		
('400000','3','-5071.46','-793.39','495.133','60000','0','1','0','1','0','15225','15225'),
('400000','2','-5068.96','-797.384','495.126','5000','0','1','0','1','0','15225','15225'),	
('400000','1','-5070.39','-795.544','495.126','25000','0','1','0','1','0','15225','15225'),	
('400001','4','-5068.4','-798.961','495.126','15000','0','1','0','1','0','15223','15223'),	
('400001','3','-5069.06','-797.769','495.126','25000','0','1','0','1','0','15223','15223'),	
('400001','2','-5069.01','-799.333','495.126','15000','0','1','0','1','0','15223','15223'),	
('400001','1','-5069.88','-801.673','495.126','15000','0','1','0','1','0','15223','15223'),		
('400002','4','-5062.93','-797.83','495.126','15000','0','1','0','1','0','15222','15222'),	
('400002','3','-5059.77','-798.49','495.126','60000','0','1','0','1','0','15222','15222'),	
('400002','2','-5065.65','-795.226','495.126','45000','0','1','0','1','0','15222','15222'),	
('400002','1','-5065.82','-798.999','495.126','30000','0','1','0','1','0','15222','15222'),		
('400003','3','-5074.45','-807.268','495.126','10000','0','1','0','1','0','15225','15225'),	
('400003','2','-5078.29','-804.839','495.126','30000','0','1','0','1','0','15225','15225'),	
('400003','1','-5080.4','-806.656','495.126','10000','0','1','0','1','0','15225','15225'),		
('400004','5','-5087.42','-809.375','495.137','20000','0','1','0','1','0','15224','15224'),	
('400004','4','-5085.46','-805.224','495.126','10000','0','1','0','1','0','15224','15224'),	
('400004','3','-5085.63','-809.756','495.141','20000','0','1','0','1','0','15224','15224'),	
('400004','2','-5084.11','-807.32','495.126','10000','0','1','0','1','0','15224','15224'),	
('400004','1','-5086.6','-805.28','495.126','20000','0','1','0','1','0','15224','15224'),		
('400005','4','-5092.34','-809.908','495.116','20000','0','1','0','1','0','15223','15223'),	
('400005','3','-5093.32','-804.315','495.128','60000','0','1','0','1','0','15223','15223'),	
('400005','2','-5094.48','-805.536','495.128','30000','0','1','0','1','0','15223','15223'),	
('400005','1','-5091.97','-806.723','495.085','45000','0','1','0','1','0','15223','15223'),		
('400006','3','-5097.4','-806.601','495.156','15000','0','1','0','1','0','15222','15222'),	
('400006','2','-5101.44','-806.278','495.127','10000','0','1','0','1','0','15222','15222'),	
('400006','1','-5099.61','-805.724','495.127','10000','0','1','0','1','0','15222','15222'),	
('400007','6','-5091.9','-794.853','495.158','60000','0','1','0','1','0','15223','15223'),	
('400007','5','-5093.75','-791.849','495.222','40000','0','1','0','1','0','15223','15223'),	
('400007','4','-5092.74','-797.769','495.127','10000','0','1','0','1','0','15223','15223'),	
('400007','3','-5089.67','-792.328','495.379','40000','0','1','0','1','0','15223','15223'),	
('400007','2','-5094.28','-796.874','495.127','20000','0','1','0','1','0','15223','15223'),	
('400007','1','-5090.59','-797.121','495.127','30000','0','1','0','1','0','15223','15223'),	
('400008','5','-5084.41','-791.51','495.7','30000','0','1','0','1','0','15222','15222'),	
('400008','4','-5081.84','-796.195','495.22','10000','0','1','0','1','0','15222','15222'),	
('400008','3','-5086.06','-793.258','495.498','15000','0','1','0','1','0','15222','15222'),	
('400008','2','-5084.6','-789.097','495.796','40000','0','1','0','1','0','15222','15222'),	
('400008','1','-5087.36','-794.037','495.372','30000','0','1','0','1','0','15222','15222'),	
('400009','6','-5077.06','-789.471','495.506','30000','0','1','0','1','0','15222','15222'),	
('400009','5','-5078.95','-790.453','495.658','20000','0','1','0','1','0','15222','15222'),	
('400009','4','-5077.47','-790.418','495.522','40000','0','1','0','1','0','15222','15222'),	
('400009','3','-5076.69','-793.761','495.277','15000','0','1','0','1','0','15222','15222'),
('400009','2','-5077.38','-795.805','495.171','15000','0','1','0','1','0','15222','15222'),
('400009','1','-5078.02','-794.201','495.305','30000','0','1','0','1','0','15222','15222'),	
('400010','6','-5079.65','-787.923','495.758','30000','0','1','0','1','0','15222','15222'),	
('400010','5','-5082.44','-787.022','495.854','15000','0','1','0','1','0','15222','15222'),	
('400010','4','-5084.36','-787.597','495.843','20000','0','1','0','1','0','15222','15222'),	
('400010','3','-5081.79','-786.123','495.761','25000','0','1','0','1','0','15222','15222'),	
('400010','2','-5076.57','-789.278','495.451','30000','0','1','0','1','0','15222','15222'),	
('400010','1','-5081.07','-788.585','495.815','30000','0','1','0','1','0','15222','15222');

REPLACE INTO `creature_waypoints` VALUES		
('400014','6','1325.48','-4431.56','26.6353','60000','0','1','0','1','0','15229','15229'),	
('400014','5','1327.33','-4435.05','26.5764','60000','0','1','0','1','0','15229','15229'),	
('400014','4','1323.88','-4432.48','26.5874','30000','0','1','0','1','0','15229','15229'),	
('400014','3','1327.18','-4431.83','26.603','25000','0','1','0','1','0','15229','15229'),	
('400014','2','1323.99','-4430','26.625','10000','0','1','0','1','0','15229','15229'),
('400014','1','1327.23','-4429.5','26.6199','10000','0','1','0','1','0','15229','15229'),	
('400015','3','1322.33','-4421.71','26.7137','60000','0','1','0','1','0','15232','15232'),	
('400015','2','1320.88','-4426.79','26.5673','60000','0','1','0','1','0','15232','15232'),	
('400015','1','1322.92','-4425.7','26.6751','30000','0','1','0','1','0','15232','15232'),		
('400016','6','1321.46','-4425.37','26.6661','60000','0','1','0','1','0','15229','15229'),	
('400016','5','1317.07','-4417.85','25.8041','30000','0','1','0','1','0','15229','15229'),	
('400016','4','1322.97','-4417.34','26.7449','40000','0','1','0','1','0','15229','15229'),	
('400016','3','1316.53','-4420.26','25.8663','25000','0','1','0','1','0','15229','15229'),	
('400016','2','1320.8','-4420.83','26.7187','60000','0','1','0','1','0','15229','15229'),	
('400016','1','1318.31','-4419.07','26.2562','10000','0','1','0','1','0','15229','15229'),		
('400017','4','1319.27','-4413.9','26.3834','60000','0','1','0','1','0','15229','15229'),	
('400017','3','1321.71','-4412.15','26.7922','45000','0','1','0','1','0','15229','15229'),
('400017','2','1321.48','-4409','26.7833','10000','0','1','0','1','0','15229','15229'),
('400017','1','1316.73','-4409.34','26.0251','30000','0','1','0','1','0','15229','15229'),		
('400018','4','1322.22','-4403.61','26.9881','60000','0','1','0','1','0','15229','15229'),	
('400018','3','1323.82','-4408.14','26.9273','10000','0','1','0','1','0','15229','15229'),	
('400018','2','1325.48','-4406.42','27.0795','60000','0','1','0','1','0','15229','15229'),	
('400018','1','1324.86','-4402.72','27.2321','30000','0','1','0','1','0','15229','15229'),		
('400019','4','1336.29','-4401.5','27.8205','60000','0','1','0','1','0','15232','15232'),	
('400019','3','1336.51','-4397.02','28.1477','15000','0','1','0','1','0','15232','15232'),	
('400019','2','1332.24','-4399.33','27.717','60000','0','1','0','1','0','15232','15232'),	
('400019','1','1329.61','-4401.18','27.4725','10000','0','1','0','1','0','15232','15232'),		
('400020','5','1340.9','-4400.73','28.1949','60000','0','1','0','1','0','15228','15228'),	
('400020','4','1340.76','-4408.7','27.6355','20000','0','1','0','1','0','15228','15228'),	
('400020','3','1336.92','-4404.04','27.6858','10000','0','1','0','1','0','15228','15228'),	
('400020','2','1336.85','-4407.94','27.4307','20000','0','1','0','1','0','15228','15228'),	
('400020','1','1340.42','-4405.27','27.8324','30000','0','1','0','1','0','15228','15228'),	
('400021','5','1348.08','-4411.48','27.9001','20000','0','1','0','1','0','15232','15232'),	
('400021','4','1352.26','-4411.58','28.1224','60000','0','1','0','1','0','15232','15232'),	
('400021','3','1347.03','-4406.29','28.1685','20000','0','1','0','1','0','15232','15232'),	
('400021','2','1345.52','-4411.17','27.7833','30000','0','1','0','1','0','15232','15232'),	
('400021','1','1349.42','-4409.85','28.0648','10000','0','1','0','1','0','15232','15232'),		
('400022','5','1350.51','-4419.73','27.7066','10000','0','1','0','1','0','15229','15229'),	
('400022','4','1344','-4417.91','27.3837','30000','0','1','0','1','0','15229','15229'),
('400022','3','1351.2','-4416.91','27.8381','45000','0','1','0','1','0','15229','15229'),	
('400022','2','1347.29','-4420.45','27.4969','15000','0','1','0','1','0','15229','15229'),	
('400022','1','1351.98','-4421.79','27.7425','60000','0','1','0','1','0','15229','15229'),		
('400023','5','1343.08','-4422.97','27.1637','15000','0','1','0','1','0','15230','15230'),	
('400023','4','1345.16','-4426.54','27.2156','60000','0','1','0','1','0','15230','15230'),	
('400023','3','1345.78','-4428.5','27.2248','30000','0','1','0','1','0','15230','15230'),	
('400023','2','1345.65','-4424.09','27.3023','30000','0','1','0','1','0','15230','15230'),	
('400023','1','1348.24','-4427.39','27.4056','60000','0','1','0','1','0','15230','15230'),		
('400024','5','1342.45','-4432.1','26.9104','45000','0','1','0','1','0','15230','15230'),	
('400024','4','1340.56','-4433.71','26.7358','60000','0','1','0','1','0','15230','15230'),	
('400024','3','1344.14','-4428.75','27.1021','20000','0','1','0','1','0','15230','15230'),	
('400024','2','1344.48','-4434.01','27.0295','15000','0','1','0','1','0','15230','15230'),	
('400024','1','1339.94','-4429.73','26.7953','30000','0','1','0','1','0','15230','15230'),	
('400025','4','1333.44','-4432.6','26.5271','30000','0','1','0','1','0','15230','15230'),	
('400025','3','1335.86','-4429.37','26.6323','15000','0','1','0','1','0','15230','15230'),	
('400025','2','1336.3','-4434.39','26.5255','60000','0','1','0','1','0','15230','15230'),	
('400025','1','1332.11','-4434.94','26.4952','20000','0','1','0','1','0','15230','15230');


REPLACE INTO `gameobject_spawns`(`id`, `Entry`, `map`, `position_X`, `position_Y`, `position_Z`, `Facing`, `orientation1`, `orientation2`, `orientation3`, `orientation4`, `State`, `Flags`, `Faction`, `Scale`, `stateNpcLink`, `Phase`) VALUES 
('400000','180325','0','-5074.53','-798.131','495.131','4.75166','0','0','0.693086','-0.720855','1','0','0','1','0','1'),	
('400001','180325','0','-5077.15','-798.117','495.128','4.75166','0','0','0.693086','-0.720855','1','0','0','1','0','1'),	
('400002','180325','0','-5080.01','-798.034','495.145','4.75166','0','0','0.693086','-0.720855','1','0','0','1','0','1'),	
('400003','180325','0','-5082.77','-798.143','495.17','4.75166','0','0','0.693086','-0.720855','1','0','0','1','0','1'),	
('400004','180325','0','-5085.7','-798.258','495.127','4.75166','0','0','0.693086','-0.720855','1','0','0','1','0','1'),	
('400005','180325','0','-5088.6','-798.099','495.148','4.75166','0','0','0.693086','-0.720855','1','0','0','1','0','1'),	
('400006','180325','0','-5090.32','-799.982','495.127','6.27534','0','0','0.00392499','-0.999992','1','0','0','1','0','1'),
('400007','180325','0','-5088.25','-801.896','495.127','1.57237','0','0','0.707663','0.70655','1','0','0','1','0','1'),	
('400008','180325','0','-5085.67','-801.892','495.127','1.57237','0','0','0.707663','0.70655','1','0','0','1','0','1'),
('400009','180325','0','-5082.78','-801.887','495.127','1.57237','0','0','0.707663','0.70655','1','0','0','1','0','1'),	
('400010','180325','0','-5079.88','-801.883','495.127','1.57237','0','0','0.707663','0.70655','1','0','0','1','0','1'),	
('400011','180325','0','-5077.11','-801.878','495.127','1.57237','0','0','0.707663','0.70655','1','0','0','1','0','1'),	
('400012','180325','0','-5074.61','-801.874','495.127','1.57237','0','0','0.707663','0.70655','1','0','0','1','0','1'),	
('400013','180325','0','-5072.55','-799.965','495.127','3.15887','0','0','0.999963','-0.00864058','1','0','0','1','0','1'),		
('400014','180324','0','-5075.12','-800.083','495.127','4.72182','0','0','0.703766','-0.710432','1','0','0','1','0','1'),	
('400015','180324','0','-5079.34','-800.123','495.127','4.72182','0','0','0.703766','-0.710432','1','0','0','1','0','1'),	
('400016','180324','0','-5083.52','-800.162','495.127','4.72182','0','0','0.703766','-0.710432','1','0','0','1','0','1'),	
('400017','180324','0','-5087.66','-800.201','495.127','4.72182','0','0','0.703766','-0.710432','1','0','0','1','0','1'),		
('400018','180353','0','-5072.25','-801.792','495.127','1.63756','0','0','0.730312','0.683113','1','0','0','1','0','1'),	
('400019','180353','0','-5081.38','-802.965','495.126','1.58258','0','0','0.711261','0.702928','1','0','0','1','0','1'),	
('400020','180353','0','-5090.1','-798.149','495.127','4.75166','0','0','0.693087','-0.720854','1','0','0','1','0','1'),	
('400021','180353','0','-5081.18','-796.473','495.196','4.75166','0','0','0.693087','-0.720854','1','0','0','1','0','1'),		
('400022','180328','0','-5075.19','-800.111','496.016','4.72025','0','0','0.704324','-0.709879','1','0','0','1','0','1'),	
('400023','180328','0','-5079.4','-800.144','496.016','4.72025','0','0','0.704324','-0.709879','1','0','0','1','0','1'),	
('400024','180328','0','-5083.58','-800.177','496.016','4.72025','0','0','0.704324','-0.709879','1','0','0','1','0','1'),	
('400025','180328','0','-5087.72','-800.209','496.015','4.72025','0','0','0.704324','-0.709879','1','0','0','1','0','1'),		
('400026','180372','0','-5082.26','-800.422','496.015','5.9926','0','0','0.144783','-0.989463','1','0','0','0.5','0','1'),		
('400027','180371','0','-5085.57','-800.013','496.015','6.05935','0','0','0.111683','-0.993744','1','0','0','0.5','0','1'),
('400028','180371','0','-5075.07','-799.59','496.015','5.03048','0','0','0.586193','-0.810171','1','0','0','0.5','0','1'),
('400029','180371','0','-5073.85','-799.958','496.015','6.27141','0','0','0.00588715','-0.999983','1','0','0','0.5','0','1'),		
('400030','180370','0','-5077.19','-800.053','496.015','2.77639','0','0','0.983375','0.181587','1','0','0','0.5','0','1'),	
('400031','180370','0','-5080.77','-799.641','496.015','2.2973','0','0','0.912212','0.409719','1','0','0','0.5','0','1'),	
('400032','180370','0','-5089.07','-799.644','496.015','4.00162','0','0','0.908961','-0.416881','1','0','0','0.5','0','1'),		
('400033','180373','0','-5088.27','-800.48','496.015','5.82766','0','0','0.225797','-0.974174','1','0','0','1','0','1'),
('400034','180373','0','-5087.57','-799.474','496.015','3.15731','0','0','0.999969','-0.00785681','1','0','0','1','0','1'),	
('400035','180373','0','-5084.52','-800.433','496.016','6.06328','0','0','0.109732','-0.993961','1','0','0','1','0','1'),	
('400036','180373','0','-5084.36','-799.463','496.016','3.52644','0','0','0.981543','-0.19124','1','0','0','1','0','1'),	
('400037','180373','0','-5079.88','-800.67','496.016','6.05935','0','0','0.111683','-0.993744','1','0','0','1','0','1'),	
('400038','180373','0','-5079.58','-799.531','496.016','3.389','0','0','0.992359','-0.123387','1','0','0','1','0','1'),	
('400039','180373','0','-5075.04','-800.706','496.016','0.412338','0','0','0.204711','0.978822','1','0','0','1','0','1'),	
('400040','180373','0','-5074.2','-799.256','496.016','3.43219','0','0','0.989462','-0.14479','1','0','0','1','0','1'),	
('400041','180329','0','-5074.54','-800.413','496.016','2.10801','0','0','0.869408','0.494094','1','0','0','1','0','1'),	
('400042','180329','0','-5079.99','-800.007','496.016','6.04678','0','0','0.117927','-0.993022','1','0','0','1','0','1'),	
('400043','180329','0','-5083.75','-800.754','496.015','0.128805','0','0','0.064358','0.997927','1','0','0','1','0','1'),	
('400044','180329','0','-5087.26','-799.741','496.058','3.8516','0','0','0.937646','-0.347593','1','0','0','1','0','1'),		
('400045','180330','0','-5074.54','-799.914','496.016','3.26805','0','0','0.998002','-0.063185','1','0','0','1','0','1'),	
('400046','180330','0','-5081.75','-799.979','496.016','6.0138','0','0','0.134286','-0.990943','1','0','0','1','0','1'),	
('400047','180330','0','-5084.06','-799.803','496.016','4.14062','0','0','0.877815','-0.479','1','0','0','1','0','1'),		
('400048','180331','0','-5075.97','-799.923','496.015','0.285888','0','0','0.142458','0.989801','1','0','0','1','0','1'),	
('400049','180331','0','-5078.73','-799.972','496.016','3.2115','0','0','0.999389','-0.0349447','1','0','0','1','0','1'),	
('400050','180331','0','-5083.04','-800.31','496.016','2.95624','0','0','0.995709','0.0925429','1','0','0','1','0','1'),	
('400051','180331','0','-5087.18','-800.197','496.015','3.13688','0','0','0.999997','0.00235517','1','0','0','1','0','1'),	
('400052','180331','0','-5089.22','-800.574','496.015','4.96293','0','0','0.613217','-0.789914','1','0','0','1','0','1'),		
('400053','180332','0','-5076.6','-799.52','496.015','5.49309','0','0','0.384853','-0.922978','1','0','0','1','0','1'),	
('400054','180332','0','-5081.45','-800.388','496.016','6.05071','0','0','0.115975','-0.993252','1','0','0','1','0','1'),	
('400055','180332','0','-5087.41','-800.666','496.016','3.561','0','0','0.978092','-0.208172','1','0','0','1','0','1'),		
('400056','180333','0','-5084.75','-799.804','496.015','4.55925','0','0','0.759126','-0.650944','1','0','0','1','0','1'),	
('400057','180333','0','-5078.29','-800.428','496.016','2.53685','0','0','0.954633','0.297785','1','0','0','1','0','1');

REPLACE INTO `gameobject_spawns` (`id`, `Entry`, `map`, `position_X`, `position_Y`, `position_Z`, `Facing`, `orientation1`, `orientation2`, `orientation3`, `orientation4`, `State`, `Flags`, `Faction`, `Scale`, `stateNpcLink`, `Phase`) VALUES 	
('400058','180338','1','1341.52','-4414.58','28.0899','3.93096','0','0','0.923118','-0.384518','1','0','0','1','0','1'),	
('400059','180338','1','1339.21','-4413.38','28.0891','0.0942929','0','0','0.047129','0.998889','1','0','0','1','0','1'),	
('400060','180338','1','1330.14','-4412.51','27.6188','1.59834','0','0','0.716776','0.697303','1','0','0','1','0','1'),	
('400061','180338','1','1328.55','-4423.96','27.4427','5.47034','0','0','0.395324','-0.918542','1','0','0','1','0','1'),	
('400062','180338','1','1329.59','-4425.45','27.4428','5.72952','0','0','0.273309','-0.961926','1','0','0','1','0','1'),	
('400063','180339','1','1337.37','-4426.01','27.6281','5.48997','0','0','0.38629','-0.922377','1','0','0','1','0','1'),	
('400064','180339','1','1339.27','-4423.32','27.628','4.50823','0','0','0.775482','-0.631369','1','0','0','1','0','1'),	
('400065','180339','1','1339.41','-4413.67','28.0891','3.59324','0','0','0.97461','-0.22391','1','0','0','1','0','1'),
('400066','180339','1','1328.57','-4414.7','27.6185','2.92959','0','0','0.994387','0.105804','1','0','0','1','0','1'),
('400067','180339','1','1328.41','-4424.38','27.533','1.86536','0','0','0.803219','0.595683','1','0','0','1','0','1'),			
('400068','180340','1','1339.3','-4423.9','27.6285','3.61287','0','0','0.972365','-0.233466','1','0','0','1','0','1'),
('400069','180340','1','1337.69','-4412.23','28.0893','3.33407','0','0','0.995373','-0.0960886','1','0','0','1','0','1'),	
('400070','180340','1','1327.94','-4414.76','27.6187','5.53318','0','0','0.366275','-0.930507','1','0','0','1','0','1'),	
('400071','180340','1','1326.84','-4422.68','27.4428','0.938596','0','0','0.45226','0.891886','1','0','0','1','0','1'),			
('400072','180352','1','1324.58','-4419.09','26.7242','4.74382','0','0','0.695908','-0.718131','1','0','0','1','0','1'),	
('400073','180352','1','1334.15','-4409.69','27.1865','3.11569','0','0','0.999916','0.0129514','1','0','0','1','0','1'),	
('400074','180352','1','1343.19','-4419.41','27.2812','1.56217','0','0','0.704051','0.71015','1','0','0','1','0','1'),
('400075','180352','1','1333.53','-4428.72','26.5979','0.0243616','0','0','0.0121805','0.999926','1','0','0','1','0','1'),	
('400076','180352','1','1333.13','-4417.3','26.8358','5.08233','0','0','0.564995','-0.825094','1','0','0','1','0','1'),		
('400077','180372','1','1336.41','-4426.82','27.6282','3.29949','0','0','0.996885','-0.0788661','1','0','0','0.5','0','1'),	
('400078','180372','1','1340.45','-4413.8','28.0889','2.07034','0','0','0.859949','0.510381','1','0','0','0.5','0','1'),	
('400079','180371','1','1326.74','-4416.37','27.6189','4.72891','0','0','0.701241','-0.712924','1','0','0','0.5','0','1'),	
('400080','180371','1','1330.75','-4425.85','27.4431','1.08074','0','0','0.514453','0.857519','1','0','0','0.5','0','1'),		
('400081','180370','1','1329.32','-4413.17','27.6189','0.648769','0','0','0.318725','0.947847','1','0','0','0.5','0','1'),	
('400082','180370','1','1327.32','-4423.39','27.4431','2.734','0','0','0.979305','0.202388','1','0','0','0.5','0','1'),	
('400083','180370','1','1340.74','-4421.79','27.6282','0.609497','0','0','0.300053','0.953922','1','0','0','0.5','0','1'),	
('400084','180370','1','1337.25','-4411.23','28.0889','5.93607','0','0','0.172688','-0.984977','1','0','0','0.5','0','1'),			
('400085','180374','1','1338.45','-4412.91','28.0889','1.71062','0','0','0.754774','0.655985','1','0','0','1','0','1'),
('400086','180374','1','1338.93','-4412.25','28.0889','5.61012','0','0','0.330214','-0.943906','1','0','0','1','0','1'),	
('400087','180374','1','1341.54','-4415.15','28.0889','4.48308','0','0','0.78336','-0.621569','1','0','0','1','0','1'),	
('400088','180374','1','1340.38','-4423.7','27.628','3.08114','0','0','0.999543','0.0302202','1','0','0','1','0','1'),
('400089','180374','1','1338.33','-4425.75','27.628','4.97395','0','0','0.608855','-0.793281','1','0','0','1','0','1'),	
('400090','180374','1','1338.28','-4424.25','27.628','0.501106','0','0','0.24794','0.968775','1','0','0','1','0','1'),
('400091','180374','1','1337.67','-4424.96','27.628','0.858462','0','0','0.416172','0.909286','1','0','0','1','0','1'),	
('400092','180374','1','1328.95','-4425.38','27.4427','3.14397','0','0','0.999999','-0.00118951','1','0','0','1','0','1'),	
('400093','180374','1','1326.61','-4421.65','27.4427','5.36272','0','0','0.444155','-0.89595','1','0','0','1','0','1'),	
('400094','180374','1','1325.81','-4422.57','27.4427','1.40824','0','0','0.647364','0.762181','1','0','0','1','0','1'),	
('400095','180374','1','1327.46','-4415.06','27.6188','1.24331','0','0','0.58238','0.812917','1','0','0','1','0','1'),	
('400096','180374','1','1328.23','-4414.23','27.6188','0.371514','0','0','0.184691','0.982797','1','0','0','1','0','1'),	
('400097','180374','1','1331.39','-4412.13','27.6188','4.29851','0','0','0.837307','-0.546732','1','0','0','1','0','1'),	
('400098','180374','1','1330.48','-4411.67','27.6188','0.128036','0','0','0.0639743','0.997952','1','0','0','1','0','1'),	
('400099','180374','1','1332.79','-4418.92','27.7494','0.444551','0','0','0.22045','0.975398','1','0','0','1','0','1'),	
('400101','180374','1','1332.99','-4419.66','27.7494','2.93819','0','0','0.994833','0.101526','1','0','0','1','0','1'),	
('400102','180341','1','1328.81','-4413.94','27.6185','2.92722','0','0','0.994261','0.10698','1','0','0','1','0','1'),
('400103','180341','1','1330.64','-4412.68','27.6185','1.71771','0','0','0.757095','0.653305','1','0','0','1','0','1'),	
('400104','180341','1','1339.88','-4413.28','28.0901','2.9822','0','0','0.996826','0.0796117','1','0','0','1','0','1'),	
('400105','180341','1','1338.39','-4424.89','27.6283','1.9981','0','0','0.840956','0.541103','1','0','0','1','0','1'),
('400106','180341','1','1329.95','-4426.13','27.4431','1.47581','0','0','0.672738','0.739881','1','0','0','1','0','1'),	
('400107','180341','1','1328.18','-4423.64','27.4429','4.21292','0','0','0.85993','-0.510412','1','0','0','1','0','1'),			
('400108','180342','1','1339.2','-4412.96','28.0891','2.06014','0','0','0.857335','0.51476','1','0','0','1','0','1'),
('400109','180342','1','1326.46','-4422.31','27.4427','2.65311','0','0','0.970322','0.241818','1','0','0','1','0','1'),	
('400110','180342','1','1338.84','-4423.74','27.6286','5.47663','0','0','0.392434','-0.91978','1','0','0','1','0','1'),		
('400111','180345','1','1339.7','-4423.62','27.6278','5.03288','0','0','0.58522','-0.810874','1','0','0','1','0','1'),
('400112','180345','1','1328.3','-4414.78','27.6195','1.95805','0','0','0.829953','0.557834','1','0','0','1','0','1'),
('400113','180345','1','1328.73','-4423.89','27.4429','5.08785','0','0','0.562714','-0.826652','1','0','0','1','0','1'),			
('400114','180348','1','1328.88','-4424.43','27.4429','3.38118','0','0','0.992833','-0.119507','1','0','0','1','0','1'),	
('400115','180348','1','1339.07','-4424.34','27.6274','2.9335','0','0','0.994592','0.103857','1','0','0','1','0','1'),
('400116','180348','1','1340.83','-4414.91','28.0892','0.113924','0','0','0.056931','0.998378','1','0','0','1','0','1'),	
('400117','180348','1','1328','-4415.32','27.6188','1.26061','0','0','0.58939','0.807849','1','0','0','1','0','1'),
('400118','180349','1','1328.45','-4424.81','27.443','3.01282','0','0','0.997928','0.0643407','1','0','0','1','0','1'),	
('400119','180349','1','1340.04','-4422.72','27.6281','4.51686','0','0','0.77275','-0.63471','1','0','0','1','0','1'),	
('400120','180326','1','1328.82','-4424.57','26.6483','0.826252','0','0','0.401474','0.91587','1','0','0','1','0','1'),	
('400121','180326','1','1339.11','-4413.28','27.2945','3.96784','0','0','0.91587','-0.401474','1','0','0','1','0','1'),	
('400122','180326','1','1338.68','-4424.4','26.8336','2.42768','0','0','0.936964','0.349426','1','0','0','1','0','1'),
('400123','180326','1','1328.71','-4414.45','26.8241','5.56298','0','0','0.35237','-0.935861','1','0','0','1','0','1'),	
('400124','180350','1','1331.85','-4410.73','27.048','0.882803','0','0','0.427207','0.904154','1','0','0','1','0','1'),	
('400125','180350','1','1335.61','-4410.53','27.2204','3.12119','0','0','0.999948','0.0102019','1','0','0','1','0','1'),	
('400126','180350','1','1334.85','-4426.72','26.6594','3.60421','0','0','0.973367','-0.229251','1','0','0','1','0','1'),	
('400127','180350','1','1325.35','-4420.46','26.7084','5.14437','0','0','0.539131','-0.842222','1','0','0','1','0','1'),	
('400128','180350','1','1333.97','-4417.18','26.8722','4.14771','0','0','0.876113','-0.482106','1','0','0','1','0','1'),		
('400129','180351','1','1334.93','-4425.63','26.6823','3.32934','0','0','0.995597','-0.0937353','1','0','0','1','0','1'),		
('400130','180337','1','1333.81','-4419.02','26.8051','3.85396','0','0','0.937234','-0.348701','1','0','0','1','0','1');