﻿<Ui xmlns="http://www.blizzard.com/wow/ui" xmlns:xsi="http://www.w3.org/2001/XMLSchema-instance">
<!-- MINIMAP BUTTON (start) -->
<Button name="GMAddon_MinimapButton" toplevel="true" frameStrata="LOW" parent="Minimap" enableMouse="true" movable="true" hidden="false">
	<Size>
		<AbsDimension x="27" y="27"/>
	</Size>
	<Anchors>
		<Anchor point="TOPLEFT">
			<Offset>
				<AbsDimension x="-15" y="-94"/>
			</Offset>
		</Anchor>
	</Anchors>
	<Layers>
		<Layer level="BACKGROUND">
			<Texture name="$parent_Texture" file="Interface\AddOns\GMAddon\icon">
				<Size>
					<AbsDimension x="15" y="15"/>
				</Size>
				<Anchors>
					<Anchor point="TOPLEFT">
						<Offset>
							<AbsDimension x="6" y="-6"/>
						</Offset>
					</Anchor>
				</Anchors>
				<TexCoords left="0.075" right="0.925" top="0.075" bottom="0.925"/>
			</Texture>
		</Layer>
	<Layer level="OVERLAY">
		<Texture file="Interface\Minimap\MiniMap-TrackingBorder">
			<Size>
				<AbsDimension x="46" y="46"/>
			</Size>
			<Anchors>
				<Anchor point="TOPLEFT"/>
			</Anchors>
		</Texture>
	</Layer>
	</Layers>
	<HighlightTexture alphaMode="ADD" file="Interface\Minimap\UI-Minimap-ZoomButton-Highlight"/>
	<Scripts>
		<OnLoad>
			this:RegisterForClicks("LeftButtonUp","RightButtonUp");
			this:RegisterForDrag("RightButton");
		</OnLoad>
		<OnEnter>
			GameTooltip:SetOwner(this, "ANCHOR_LEFT");
			GameTooltip:AddLine("ArcEmu GM Addon");
			GameTooltip:AddLine("Left click to show/hide");
			GameTooltip:AddLine("Right click to drag this");
			GameTooltip:Show();
		</OnEnter>
		<OnLeave>
			GameTooltip:Hide();
		</OnLeave>
		<OnClick>
			if (GMAddonForm:IsShown()) then
				GMAddonForm:Hide();
			elseif (AnnounceForm:IsShown()) then
				AnnounceForm:Hide();    
			elseif (BanForm:IsShown()) then
				BanForm:Hide();	
			elseif (BGForm:IsShown()) then
				BGForm:Hide();
            elseif (CheatingForm:IsShown()) then
                CheatingForm:Hide();
			elseif (CommForm:IsShown()) then
				CommForm:Hide();
			elseif (ItemForm:IsShown()) then
				ItemForm:Hide();
			elseif (Mini:IsShown()) then
				Mini:Hide();
			elseif (MiscForm:IsShown()) then
				MiscForm:Hide();
            elseif (ModifyForm:IsShown()) then
                ModifyForm:Hide();
            elseif (ModifyFormHelp:IsShown()) then
                ModifyFormHelp:Hide();
                ModifyForm:Hide();
			elseif (NPCForm:IsShown()) then
				NPCForm:Hide();
			elseif (ObjectForm:IsShown()) then
				ObjectForm:Hide();
			elseif (PlayerForm:IsShown()) then
				PlayerForm:Hide();
			elseif (ProfessionsForm:IsShown()) then
				ProfessionsForm:Hide();
			elseif (RidingForm:IsShown()) then
				RidingForm:Hide();
			elseif (SkillForm:IsShown()) then
				SkillForm:Hide();
			elseif (SpellForm:IsShown()) then
				SpellForm:Hide();
			elseif (TeleForm:IsShown()) then
				TeleForm:Hide();
			elseif (TicketForm:IsShown()) then
				TicketForm:Hide();
			elseif (WaypointForm:IsShown()) then
				WaypointForm:Hide();
			elseif (WRForm:IsShown()) then
				WRForm:Show();
			else
				GMAddonForm:Show();
			end
		</OnClick>
<OnLoad>
GMAddonOnLoad()
</OnLoad>
		<OnDragStart>
				this:StartMoving();
		</OnDragStart>
		<OnDragStop>
				this:StopMovingOrSizing();
		</OnDragStop>
	</Scripts>
</Button>
</Ui>